Workbook

Sheet 道具主表
A1: ##var | B1: id | C1: name | D1: desc | E1: quality | F1: type | G1: tabs | H1: is_init_create | I1: specialEffect | J1: reward | K1: param | L1: weightSort | M1: is_hide | N1: resId | O1: stackLimit | P1: levelLimit | Q1: isAutoUse | R1: nameRich | S1: nameDesc
A2: ##var
A3: ##type | B3: int | C3: string | D3: string | E3: Item.Quality | F3: Item.Type | G3: Item.Tabs | H3: bool | I3: (list#sep=;),Property.PropertyData | J3: (list#sep=;),Prop.PropObj | K3: (list#sep=;),string | L3: int | M3: bool | N3: int#ref=Item.TbItemRes | O3: int | P3: int | Q3: bool | R3: string | S3: string
A4: ##group | I4: s | J4: s | N4: c
A5: ## | B5: id | C5: 备注 | D5: 物品描述 | E5: 品质 | F5: 类型 | G5: 页签 | H5: 是否初始化创建 | I5: 增加属性类型 | J5: 获得奖励 | K5: 参数 | L5: 排序权重 | M5: 是否在背包中隐藏 | N5: 资源表 | O5: 堆叠上限 0-无限 | P5: 使用等级 | Q5: 是否自动使用 | R5: 道具名富文本 | S5: 道具描述富文本
B6: 1 | C6: 修炼经验 | D6: 玩家经验 | E6: 1 | F6: 1 | G6: 1 | H6: 1 | L6: 1 | M6: 1 | N6: 1 | O6: 0 | P6: 0 | Q6: 0 | R6: ="<color=#"&VLOOKUP(E6,[1]品质主表!$B$6:$C$13,2,FALSE)&">"&C6&"</color>" -> <color=#18e71a>修炼经验</color> | S6: =R6 -> <color=#18e71a>修炼经验</color>
B7: 2 | C7: 阵法经验 | D7: 阵法经验 | E7: 1 | F7: 1 | G7: 1 | H7: 1 | L7: 1 | M7: 1 | N7: 2 | O7: 0 | P7: 0 | Q7: 0 | R7: ="<color=#"&VLOOKUP(E7,[1]品质主表!$B$6:$C$13,2,FALSE)&">"&C7&"</color>" -> <color=#18e71a>阵法经验</color> | S7: =R7 -> <color=#18e71a>阵法经验</color>
B8: 1001 | C8: 悟性丹 | D8: 每颗增加20点修炼值、50点攻击、2000点生命、1点悟性 | E8: 3 | F8: 2 | G8: 1 | H8: 1 | I8: 1,1,60;4,1,2400;29,1,20;31,1,1 | L8: 1001 | M8: 0 | N8: 1001 | O8: 0 | P8: 0 | Q8: 0 | R8: ="<color=#"&VLOOKUP(E8,[1]品质主表!$B$6:$C$13,2,FALSE)&">"&C8&"</color>" -> <color=#f044dc>悟性丹</color> | S8: =R8 -> <color=#f044dc>悟性丹</color>
B9: 1002 | C9: 突破丹 | D9: 突破时，每颗突破丹增加1%的突破成功概率，突破后会消耗对应的数量 | E9: 3 | F9: 3 | G9: 1 | H9: 1 | K9: 100 | L9: 1002 | M9: 0 | N9: 1002 | O9: 0 | P9: 0 | Q9: 0 | R9: ="<color=#"&VLOOKUP(E9,[1]品质主表!$B$6:$C$13,2,FALSE)&">"&C9&"</color>" -> <color=#f044dc>突破丹</color> | S9: =R9 -> <color=#f044dc>突破丹</color>
B10: 1003 | C10: 修炼丹 | D10: 修炼时，每次修炼提取100修炼经验，最多30000点 | E10: 3 | F10: 4 | G10: 1 | H10: 1 | K10: 100;30000 | L10: 1003 | M10: 0 | N10: 1003 | O10: 0 | P10: 0 | Q10: 0 | R10: ="<color=#"&VLOOKUP(E10,[1]品质主表!$B$6:$C$13,2,FALSE)&">"&C10&"</color>" -> <color=#f044dc>修炼丹</color> | S10: =R10 -> <color=#f044dc>修炼丹</color>
B11: 1004 | C11: 经验丹 | D11: 获得时直接提高30000点修炼经验 | E11: 3 | F11: 5 | G11: 1 | H11: 1 | J11: 1,1,30000 | L11: 1004 | M11: 0 | N11: 1004 | O11: 0 | P11: 0 | Q11: 1 | R11: ="<color=#"&VLOOKUP(E11,[1]品质主表!$B$6:$C$13,2,FALSE)&">"&C11&"</color>" -> <color=#f044dc>经验丹</color> | S11: =R11 -> <color=#f044dc>经验丹</color>
B12: 1005 | C12: 强化石 | D12: 法宝强化道具 | E12: 3 | F12: 6 | G12: 1 | H12: 1 | L12: 1005 | M12: 0 | N12: 1005 | O12: 0 | P12: 0 | Q12: 0 | R12: ="<color=#"&VLOOKUP(E12,[1]品质主表!$B$6:$C$13,2,FALSE)&">"&C12&"</color>" -> <color=#f044dc>强化石</color> | S12: =R12 -> <color=#f044dc>强化石</color>
B13: 1006 | C13: 幽冥钢 | D13: 攻击法宝进阶道具 | E13: 3 | F13: 6 | G13: 1 | H13: 1 | I13: 1,1,10 | L13: 1006 | M13: 0 | N13: 1006 | O13: 0 | P13: 0 | Q13: 0 | R13: ="<color=#"&VLOOKUP(E13,[1]品质主表!$B$6:$C$13,2,FALSE)&">"&C13&"</color>" -> <color=#f044dc>幽冥钢</color> | S13: =R13 -> <color=#f044dc>幽冥钢</color>
B14: 1007 | C14: 金刚砂 | D14: 防御法宝进阶道具 | E14: 3 | F14: 6 | G14: 1 | H14: 1 | I14: 4,1,400 | L14: 1007 | M14: 0 | N14: 1007 | O14: 0 | P14: 0 | Q14: 0 | R14: ="<color=#"&VLOOKUP(E14,[1]品质主表!$B$6:$C$13,2,FALSE)&">"&C14&"</color>" -> <color=#f044dc>金刚砂</color> | S14: =R14 -> <color=#f044dc>金刚砂</color>
B15: 1008 | C15: 星辰铁 | D15: 坐骑强化道具 | E15: 3 | F15: 6 | G15: 1 | H15: 1 | L15: 1008 | M15: 0 | N15: 1008 | O15: 0 | P15: 0 | Q15: 0 | R15: ="<color=#"&VLOOKUP(E15,[1]品质主表!$B$6:$C$13,2,FALSE)&">"&C15&"</color>" -> <color=#f044dc>星辰铁</color> | S15: =R15 -> <color=#f044dc>星辰铁</color>
B16: 1009 | C16: 五色石 | D16: 坐骑进阶道具 | E16: 3 | F16: 6 | G16: 1 | H16: 1 | I16: 1,1,10;4,1,400 | L16: 1009 | M16: 0 | N16: 1009 | O16: 0 | P16: 0 | Q16: 0 | R16: ="<color=#"&VLOOKUP(E16,[1]品质主表!$B$6:$C$13,2,FALSE)&">"&C16&"</color>" -> <color=#f044dc>五色石</color> | S16: =R16 -> <color=#f044dc>五色石</color>
B17: 1010 | C17: 重生符 | D17: 在本宗门主场景死亡后会自动复活，宗门战时不生效 | E17: 3 | F17: 14 | G17: 1 | H17: 1 | L17: 1010 | M17: 0 | N17: 1010 | O17: 0 | P17: 0 | Q17: 0 | R17: ="<color=#"&VLOOKUP(E17,[1]品质主表!$B$6:$C$13,2,FALSE)&">"&C17&"</color>" -> <color=#f044dc>重生符</color> | S17: =R17 -> <color=#f044dc>重生符</color>
B18: 1011 | C18: 神通碎片 | D18: 粉色品质功法分解而得 | E18: 3 | F18: 6 | G18: 1 | H18: 1 | L18: 1011 | M18: 0 | N18: 1011 | O18: 0 | P18: 0 | Q18: 0 | R18: ="<color=#"&VLOOKUP(E18,[1]品质主表!$B$6:$C$13,2,FALSE)&">"&C18&"</color>" -> <color=#f044dc>神通碎片</color> | S18: =R18 -> <color=#f044dc>神通碎片</color>
B19: 1012 | C19: 乾坤袋 | D19: 可以开出各种道具，甚至有稀有的皮肤 | E19: 3 | F19: 12 | G19: 1 | H19: 1 | K19: 240 | L19: 1012 | M19: 0 | N19: 1012 | O19: 0 | P19: 0 | Q19: 1 | R19: ="<color=#"&VLOOKUP(E19,[1]品质主表!$B$6:$C$13,2,FALSE)&">"&C19&"</color>" -> <color=#f044dc>乾坤袋</color> | S19: =R19 -> <color=#f044dc>乾坤袋</color>
B20: 1013 | C20: 礼物1 | D20: 使用后赠送1次礼物1 | E20: 3 | F20: 13 | G20: 1 | H20: 1 | K20: 11582 | L20: 1013 | M20: 0 | N20: 1013 | O20: 0 | P20: 0 | Q20: 0 | R20: ="<color=#"&VLOOKUP(E20,[1]品质主表!$B$6:$C$13,2,FALSE)&">"&C20&"</color>" -> <color=#f044dc>礼物1</color> | S20: =R20 -> <color=#f044dc>礼物1</color>
B21: 1014 | C21: 礼物2 | D21: 使用后赠送1次礼物2 | E21: 3 | F21: 13 | G21: 1 | H21: 1 | K21: 11584 | L21: 1014 | M21: 0 | N21: 1014 | O21: 0 | P21: 0 | Q21: 0 | R21: ="<color=#"&VLOOKUP(E21,[1]品质主表!$B$6:$C$13,2,FALSE)&">"&C21&"</color>" -> <color=#f044dc>礼物2</color> | S21: =R21 -> <color=#f044dc>礼物2</color>
B22: 1015 | C22: 礼物4 | D22: 使用后赠送1次礼物4 | E22: 3 | F22: 13 | G22: 1 | H22: 1 | K22: 11606 | L22: 1016 | M22: 0 | N22: 1015 | O22: 0 | P22: 0 | Q22: 0 | R22: ="<color=#"&VLOOKUP(E22,[1]品质主表!$B$6:$C$13,2,FALSE)&">"&C22&"</color>" -> <color=#f044dc>礼物4</color> | S22: =R22 -> <color=#f044dc>礼物4</color>
B23: 1016 | C23: 礼物5 | D23: 使用后赠送1次礼物5 | E23: 3 | F23: 13 | G23: 1 | H23: 1 | K23: 11585 | L23: 1017 | M23: 0 | N23: 1016 | O23: 0 | P23: 0 | Q23: 0 | R23: ="<color=#"&VLOOKUP(E23,[1]品质主表!$B$6:$C$13,2,FALSE)&">"&C23&"</color>" -> <color=#f044dc>礼物5</color> | S23: =R23 -> <color=#f044dc>礼物5</color>
B24: 1017 | C24: 礼物6 | D24: 使用后赠送1次礼物6 | E24: 3 | F24: 13 | G24: 1 | H24: 1 | K24: 11586 | L24: 1018 | M24: 0 | N24: 1017 | O24: 0 | P24: 0 | Q24: 0 | R24: ="<color=#"&VLOOKUP(E24,[1]品质主表!$B$6:$C$13,2,FALSE)&">"&C24&"</color>" -> <color=#f044dc>礼物6</color> | S24: =R24 -> <color=#f044dc>礼物6</color>
B25: 1018 | C25: 礼物7 | D25: 使用后赠送1次礼物7 | E25: 3 | F25: 13 | G25: 1 | H25: 1 | K25: 11587 | L25: 1019 | M25: 0 | N25: 1018 | O25: 0 | P25: 0 | Q25: 0 | R25: ="<color=#"&VLOOKUP(E25,[1]品质主表!$B$6:$C$13,2,FALSE)&">"&C25&"</color>" -> <color=#f044dc>礼物7</color> | S25: =R25 -> <color=#f044dc>礼物7</color>
B26: 1019 | C26: 礼物8 | D26: 使用后赠送1次礼物8 | E26: 3 | F26: 13 | G26: 1 | H26: 1 | K26: 11590 | L26: 1020 | M26: 0 | N26: 1019 | O26: 0 | P26: 0 | Q26: 0 | R26: ="<color=#"&VLOOKUP(E26,[1]品质主表!$B$6:$C$13,2,FALSE)&">"&C26&"</color>" -> <color=#f044dc>礼物8</color> | S26: =R26 -> <color=#f044dc>礼物8</color>
B27: 1020 | C27: 礼物3 | D27: 使用后赠送1次礼物3 | E27: 3 | F27: 13 | G27: 1 | H27: 1 | K27: 12252 | L27: 1015 | M27: 0 | N27: 1020 | O27: 0 | P27: 0 | Q27: 0 | R27: ="<color=#"&VLOOKUP(E27,[1]品质主表!$B$6:$C$13,2,FALSE)&">"&C27&"</color>" -> <color=#f044dc>礼物3</color> | S27: =R27 -> <color=#f044dc>礼物3</color>
B28: 1030 | C28: 灵石 | D28: 水系宠物碎片分解而来 | E28: 3 | F28: 15 | G28: 4 | H28: 1 | L28: 1030 | M28: 0 | N28: 1030 | O28: 0 | P28: 0 | Q28: 0 | R28: ="<color=#"&VLOOKUP(E28,[1]品质主表!$B$6:$C$13,2,FALSE)&">"&C28&"</color>" -> <color=#f044dc>灵石</color> | S28: =R28 -> <color=#f044dc>灵石</color>
B29: 1031 | C29: 幼蛇碎片 | D29: 幼蛇碎片 | E29: 3 | F29: 15 | G29: 4 | H29: 1 | L29: 1031 | M29: 0 | N29: 1031 | O29: 0 | P29: 0 | Q29: 0 | R29: ="<color=#"&VLOOKUP(E29,[1]品质主表!$B$6:$C$13,2,FALSE)&">"&C29&"</color>" -> <color=#f044dc>幼蛇碎片</color> | S29: =R29 -> <color=#f044dc>幼蛇碎片</color>
B30: 1040 | C30: 攻元丹 | D30: 每颗增加宠物40点攻击 | E30: 3 | F30: 15 | G30: 4 | H30: 1 | I30: 1,1,40 | L30: 1040 | M30: 0 | N30: 1040 | O30: 0 | P30: 0 | Q30: 0 | R30: ="<color=#"&VLOOKUP(E30,[1]品质主表!$B$6:$C$13,2,FALSE)&">"&C30&"</color>" -> <color=#f044dc>攻元丹</color> | S30: =R30 -> <color=#f044dc>攻元丹</color>
B31: 1041 | C31: 命元丹 | D31: 每颗增加宠物1600点生命 | E31: 3 | F31: 15 | G31: 4 | H31: 1 | I31: 4,1,1600 | L31: 1041 | M31: 0 | N31: 1041 | O31: 0 | P31: 0 | Q31: 0 | R31: ="<color=#"&VLOOKUP(E31,[1]品质主表!$B$6:$C$13,2,FALSE)&">"&C31&"</color>" -> <color=#f044dc>命元丹</color> | S31: =R31 -> <color=#f044dc>命元丹</color>
B32: 1042 | C32: 淬炼石 | D32: 宠物装备强化道具 | E32: 3 | F32: 15 | G32: 4 | H32: 1 | L32: 1042 | M32: 0 | N32: 1042 | O32: 0 | P32: 0 | Q32: 0 | R32: ="<color=#"&VLOOKUP(E32,[1]品质主表!$B$6:$C$13,2,FALSE)&">"&C32&"</color>" -> <color=#f044dc>淬炼石</color> | S32: =R32 -> <color=#f044dc>淬炼石</color>
B33: 1043 | C33: 砺石珠 | D33: 宠物装备进阶道具 | E33: 3 | F33: 15 | G33: 4 | H33: 1 | L33: 1043 | M33: 0 | N33: 1043 | O33: 0 | P33: 0 | Q33: 0 | R33: ="<color=#"&VLOOKUP(E33,[1]品质主表!$B$6:$C$13,2,FALSE)&">"&C33&"</color>" -> <color=#f044dc>砺石珠</color> | S33: =R33 -> <color=#f044dc>砺石珠</color>
B34: 1050 | C34: 凤凰皮肤碎片 | D34: 凤凰皮肤碎片 | E34: 7 | F34: 18 | G34: 1 | H34: 1 | L34: 1050 | M34: 0 | N34: 1050 | O34: 0 | P34: 0 | Q34: 0 | R34: ="<color=#"&VLOOKUP(E34,[1]品质主表!$B$6:$C$13,2,FALSE)&">"&C34&"</color>" -> <color=#ff779d>凤凰皮肤碎片</color> | S34: =R34 -> <color=#ff779d>凤凰皮肤碎片</color>
B35: 1051 | C35: 凤凰坐骑碎片 | D35: 凤凰坐骑碎片 | E35: 7 | F35: 18 | G35: 1 | H35: 1 | L35: 1051 | M35: 0 | N35: 1051 | O35: 0 | P35: 0 | Q35: 0 | R35: ="<color=#"&VLOOKUP(E35,[1]品质主表!$B$6:$C$13,2,FALSE)&">"&C35&"</color>" -> <color=#ff779d>凤凰坐骑碎片</color> | S35: =R35 -> <color=#ff779d>凤凰坐骑碎片</color>
B36: 1061 | C36: 灵宝碎片 | D36: 灵宝碎片 | E36: 3 | F36: 18 | G36: 1 | H36: 1 | L36: 1061 | M36: 0 | N36: 1061 | O36: 0 | P36: 0 | Q36: 0 | R36: ="<color=#"&VLOOKUP(E36,[1]品质主表!$B$6:$C$13,2,FALSE)&">"&C36&"</color>" -> <color=#f044dc>灵宝碎片</color> | S36: =R36 -> <color=#f044dc>灵宝碎片</color>
B37: 1062 | C37: 攻击灵宝 | D37: 攻击灵宝 | E37: 3 | F37: 19 | G37: 2 | H37: 1 | I37: 1,3,100 | L37: 1062 | M37: 0 | N37: 1062 | O37: 0 | P37: 0 | Q37: 0 | R37: ="<color=#"&VLOOKUP(E37,[1]品质主表!$B$6:$C$13,2,FALSE)&">"&C37&"</color>" -> <color=#f044dc>攻击灵宝</color> | S37: =R37 -> <color=#f044dc>攻击灵宝</color>
B38: 1063 | C38: 生命灵宝 | D38: 生命灵宝 | E38: 3 | F38: 19 | G38: 3 | H38: 1 | I38: 4,3,100 | L38: 1063 | M38: 0 | N38: 1063 | O38: 0 | P38: 0 | Q38: 0 | R38: ="<color=#"&VLOOKUP(E38,[1]品质主表!$B$6:$C$13,2,FALSE)&">"&C38&"</color>" -> <color=#f044dc>生命灵宝</color> | S38: =R38 -> <color=#f044dc>生命灵宝</color>
B39: 1064 | C39: 乾坤袋 | D39: 可以开出各种道具，甚至有稀有的皮肤 | E39: 3 | F39: 2 | G39: 1 | H39: 1 | J39: 1,1012,1 | L39: 1064 | M39: 0 | N39: 1064 | O39: 0 | P39: 0 | Q39: 0 | R39: ="<color=#"&VLOOKUP(E39,[1]品质主表!$B$6:$C$13,2,FALSE)&">"&C39&"</color>" -> <color=#f044dc>乾坤袋</color> | S39: =R39 -> <color=#f044dc>乾坤袋</color>
B40: 2013 | C40: 礼物1 | D40: 使用后赠送1次礼物1 | E40: 3 | F40: 13 | G40: 1 | H40: 1 | K40: n1/Dg1905sj1FyoBlQBvmbaDZFBNaKuKZH6zxHkv8Lg5x2cRfrKUTb8gzMs= | L40: 1013 | M40: 0 | N40: 2013 | O40: 0 | P40: 0 | Q40: 0 | R40: ="<color=#"&VLOOKUP(E40,[1]品质主表!$B$6:$C$13,2,FALSE)&">"&C40&"</color>" -> <color=#f044dc>礼物1</color> | S40: =R40 -> <color=#f044dc>礼物1</color>
B41: 2014 | C41: 礼物2 | D41: 使用后赠送1次礼物2 | E41: 3 | F41: 13 | G41: 1 | H41: 1 | K41: 28rYzVFNyXEXFC8HI+f/WG+I7a6lfl3OyZZjUS+CVuwCgYZrPrUdytGHu0c= | L41: 1014 | M41: 0 | N41: 2014 | O41: 0 | P41: 0 | Q41: 0 | R41: ="<color=#"&VLOOKUP(E41,[1]品质主表!$B$6:$C$13,2,FALSE)&">"&C41&"</color>" -> <color=#f044dc>礼物2</color> | S41: =R41 -> <color=#f044dc>礼物2</color>
B42: 2015 | C42: 礼物4 | D42: 使用后赠送1次礼物4 | E42: 3 | F42: 13 | G42: 1 | H42: 1 | K42: PJ0FFeaDzXUreuUBZH6Hs+b56Jh0tQjrq0bIrrlZmv13GSAL9Q1hf59fjGk= | L42: 1016 | M42: 0 | N42: 2015 | O42: 0 | P42: 0 | Q42: 0 | R42: ="<color=#"&VLOOKUP(E42,[1]品质主表!$B$6:$C$13,2,FALSE)&">"&C42&"</color>" -> <color=#f044dc>礼物4</color> | S42: =R42 -> <color=#f044dc>礼物4</color>
B43: 2016 | C43: 礼物5 | D43: 使用后赠送1次礼物5 | E43: 3 | F43: 13 | G43: 1 | H43: 1 | K43: IkkadLfz7O/a5UR45p/OOCCG6ewAWVbsuzR/Z+v1v76CBU+mTG/wPjqdpfg= | L43: 1017 | M43: 0 | N43: 2016 | O43: 0 | P43: 0 | Q43: 0 | R43: ="<color=#"&VLOOKUP(E43,[1]品质主表!$B$6:$C$13,2,FALSE)&">"&C43&"</color>" -> <color=#f044dc>礼物5</color> | S43: =R43 -> <color=#f044dc>礼物5</color>
B44: 2017 | C44: 礼物6 | D44: 使用后赠送1次礼物6 | E44: 3 | F44: 13 | G44: 1 | H44: 1 | K44: gx7pmjQfhBaDOG2XkWI2peZ66YFWkCWRjZXpTqb23O/epru+sxWyTV/3Ufs= | L44: 1018 | M44: 0 | N44: 2017 | O44: 0 | P44: 0 | Q44: 0 | R44: ="<color=#"&VLOOKUP(E44,[1]品质主表!$B$6:$C$13,2,FALSE)&">"&C44&"</color>" -> <color=#f044dc>礼物6</color> | S44: =R44 -> <color=#f044dc>礼物6</color>
B45: 2018 | C45: 礼物7 | D45: 使用后赠送1次礼物7 | E45: 3 | F45: 13 | G45: 1 | H45: 1 | K45: YbLESoUj053FWVYPWUNOAtp4FYnb+/eZbyrLi7ndArVFz14rivgxf0cFrKs= | L45: 1019 | M45: 0 | N45: 2018 | O45: 0 | P45: 0 | Q45: 0 | R45: ="<color=#"&VLOOKUP(E45,[1]品质主表!$B$6:$C$13,2,FALSE)&">"&C45&"</color>" -> <color=#f044dc>礼物7</color> | S45: =R45 -> <color=#f044dc>礼物7</color>
B46: 2019 | C46: 礼物8 | D46: 使用后赠送1次礼物8 | E46: 3 | F46: 13 | G46: 1 | H46: 1 | K46: rROiXLcY2saGvxHt3fAkYbWvbbikhEzbo0wpI794zEv+A2SCLrkNKYZEVuE= | L46: 1020 | M46: 0 | N46: 2019 | O46: 0 | P46: 0 | Q46: 0 | R46: ="<color=#"&VLOOKUP(E46,[1]品质主表!$B$6:$C$13,2,FALSE)&">"&C46&"</color>" -> <color=#f044dc>礼物8</color> | S46: =R46 -> <color=#f044dc>礼物8</color>
B47: 2020 | C47: 礼物3 | D47: 使用后赠送1次礼物3 | E47: 3 | F47: 13 | G47: 1 | H47: 1 | K47: fJs8HKQ0xlPRixn8JAUiL2gFRiLD9S6IFCFdvZODSnhyo9YN8q7xUuVVyZI= | L47: 1015 | M47: 0 | N47: 2020 | O47: 0 | P47: 0 | Q47: 0 | R47: ="<color=#"&VLOOKUP(E47,[1]品质主表!$B$6:$C$13,2,FALSE)&">"&C47&"</color>" -> <color=#f044dc>礼物3</color> | S47: =R47 -> <color=#f044dc>礼物3</color>
B48: 3013 | C48: 礼物1 | D48: 使用后赠送1次礼物1 | E48: 3 | F48: 13 | G48: 1 | H48: 1 | K48: 4898 | L48: 1013 | M48: 0 | N48: 3013 | O48: 0 | P48: 0 | Q48: 0 | R48: ="<color=#"&VLOOKUP(E48,[1]品质主表!$B$6:$C$13,2,FALSE)&">"&C48&"</color>" -> <color=#f044dc>礼物1</color> | S48: =R48 -> <color=#f044dc>礼物1</color>
B49: 3014 | C49: 礼物2 | D49: 使用后赠送1次礼物2 | E49: 3 | F49: 13 | G49: 1 | H49: 1 | K49: 5887 | L49: 1014 | M49: 0 | N49: 3014 | O49: 0 | P49: 0 | Q49: 0 | R49: ="<color=#"&VLOOKUP(E49,[1]品质主表!$B$6:$C$13,2,FALSE)&">"&C49&"</color>" -> <color=#f044dc>礼物2</color> | S49: =R49 -> <color=#f044dc>礼物2</color>
B50: 3015 | C50: 礼物4 | D50: 使用后赠送1次礼物4 | E50: 3 | F50: 13 | G50: 1 | H50: 1 | K50: 4893 | L50: 1016 | M50: 0 | N50: 3015 | O50: 0 | P50: 0 | Q50: 0 | R50: ="<color=#"&VLOOKUP(E50,[1]品质主表!$B$6:$C$13,2,FALSE)&">"&C50&"</color>" -> <color=#f044dc>礼物4</color> | S50: =R50 -> <color=#f044dc>礼物4</color>
B51: 3016 | C51: 礼物5 | D51: 使用后赠送1次礼物5 | E51: 3 | F51: 13 | G51: 1 | H51: 1 | K51: 4895 | L51: 1017 | M51: 0 | N51: 3016 | O51: 0 | P51: 0 | Q51: 0 | R51: ="<color=#"&VLOOKUP(E51,[1]品质主表!$B$6:$C$13,2,FALSE)&">"&C51&"</color>" -> <color=#f044dc>礼物5</color> | S51: =R51 -> <color=#f044dc>礼物5</color>
... B63: 4020 | C63: 礼物3 | D63: 使用后赠送1次礼物3 | E63: 3 | F63: 13 | G63: 1 | H63: 1 | K63: 2072 | L63: 1015 | M63: 0 | N63: 3020 | O63: 0 | P63: 0 | Q63: 0 | R63: ="<color=#"&VLOOKUP(E63,[1]品质主表!$B$6:$C$13,2,FALSE)&">"&C63&"</color>" -> <color=#f044dc>礼物3</color> | S63: =R63 -> <color=#f044dc>礼物3</color>
B64: 10001 | C64: 凝神决 | D64: 挂机修炼时额外增加修炼经验35 | E64: 1 | F64: 7 | G64: 5 | H64: 1 | J64: 3,10001,1 | L64: 10101 | M64: 0 | N64: =B64 -> 10001 | O64: 1 | P64: 0 | Q64: 1 | R64: ="<color=#"&VLOOKUP(E64,[1]品质主表!$B$6:$C$13,2,FALSE)&">"&C64&"</color>" -> <color=#18e71a>凝神决</color> | S64: 挂机修炼时额外增加修炼经验35
B65: 10002 | C65: 凝神决 | D65: 挂机修炼时额外增加修炼经验70 | E65: 2 | F65: 7 | G65: 5 | H65: 1 | J65: 3,10002,1 | L65: 10201 | M65: 0 | N65: =B65 -> 10002 | O65: 1 | P65: 0 | Q65: 1 | R65: ="<color=#"&VLOOKUP(E65,[1]品质主表!$B$6:$C$13,2,FALSE)&">"&C65&"</color>" -> <color=#40f3ff>凝神决</color> | S65: 挂机修炼时额外增加修炼经验70
B66: 10003 | C66: 凝神决 | D66: 挂机修炼时额外增加修炼经验140 | E66: 3 | F66: 7 | G66: 5 | H66: 1 | J66: 3,10003,1 | L66: 10301 | M66: 0 | N66: =B66 -> 10003 | O66: 1 | P66: 0 | Q66: 1 | R66: ="<color=#"&VLOOKUP(E66,[1]品质主表!$B$6:$C$13,2,FALSE)&">"&C66&"</color>" -> <color=#f044dc>凝神决</color> | S66: 挂机修炼时额外增加修炼经验140
B67: 10004 | C67: 凝神决 | D67: 挂机修炼时额外增加修炼经验315 | E67: 4 | F67: 7 | G67: 5 | H67: 1 | J67: 3,10004,1 | L67: 10401 | M67: 0 | N67: =B67 -> 10004 | O67: 1 | P67: 0 | Q67: 1 | R67: ="<color=#"&VLOOKUP(E67,[1]品质主表!$B$6:$C$13,2,FALSE)&">"&C67&"</color>" -> <color=#edde00>凝神决</color> | S67: 挂机修炼时额外增加修炼经验315
B68: 10005 | C68: 凝神决 | D68: 挂机修炼时额外增加修炼经验700 | E68: 5 | F68: 7 | G68: 5 | H68: 1 | J68: 3,10005,1 | L68: 10501 | M68: 0 | N68: =B68 -> 10005 | O68: 1 | P68: 0 | Q68: 1 | R68: ="<color=#"&VLOOKUP(E68,[1]品质主表!$B$6:$C$13,2,FALSE)&">"&C68&"</color>" -> <color=#ff8000>凝神决</color> | S68: 挂机修炼时额外增加修炼经验700
B69: 10006 | C69: 凝神决 | D69: 挂机修炼时额外增加修炼经验1470 | E69: 6 | F69: 7 | G69: 5 | H69: 1 | J69: 3,10006,1 | L69: 10601 | M69: 0 | N69: =B69 -> 10006 | O69: 1 | P69: 0 | Q69: 1 | R69: ="<color=#"&VLOOKUP(E69,[1]品质主表!$B$6:$C$13,2,FALSE)&">"&C69&"</color>" -> <color=#ff4d4d>凝神决</color> | S69: 挂机修炼时额外增加修炼经验1470
B70: 10007 | C70: 凝神决 | D70: 挂机修炼时额外增加修炼经验3010 | E70: 7 | F70: 7 | G70: 5 | H70: 1 | J70: 3,10007,1 | L70: 10701 | M70: 0 | N70: =B70 -> 10007 | O70: 1 | P70: 0 | Q70: 1 | R70: ="<color=#"&VLOOKUP(E70,[1]品质主表!$B$6:$C$13,2,FALSE)&">"&C70&"</color>" -> <color=#ff779d>凝神决</color> | S70: 挂机修炼时额外增加修炼经验3010
B71: 10008 | C71: 神·凝神决 | D71: 挂机修炼时额外增加修炼经验4900 | E71: 7 | F71: 7 | G71: 5 | H71: 1 | J71: 3,10008,1 | L71: 10801 | M71: 0 | N71: =B71 -> 10008 | O71: 1 | P71: 0 | Q71: 1 | R71: ="<color=#"&VLOOKUP(E71,[1]品质主表!$B$6:$C$13,2,FALSE)&">"&C71&"</color>" -> <color=#ff779d>神·凝神决</color> | S71: 挂机修炼时额外增加修炼经验4900
B72: 10101 | C72: 聚灵经 | D72: 挂机修炼时基础经验速度提升2% | E72: 1 | F72: 7 | G72: 5 | H72: 1 | J72: 3,10101,1 | L72: 10102 | M72: 0 | N72: =B72 -> 10101 | O72: 1 | P72: 0 | Q72: 1 | R72: ="<color=#"&VLOOKUP(E72,[1]品质主表!$B$6:$C$13,2,FALSE)&">"&C72&"</color>" -> <color=#18e71a>聚灵经</color> | S72: 挂机修炼时基础经验速度提升2%
B73: 10102 | C73: 聚灵经 | D73: 挂机修炼时基础经验速度提升4% | E73: 2 | F73: 7 | G73: 5 | H73: 1 | J73: 3,10102,1 | L73: 10202 | M73: 0 | N73: =B73 -> 10102 | O73: 1 | P73: 0 | Q73: 1 | R73: ="<color=#"&VLOOKUP(E73,[1]品质主表!$B$6:$C$13,2,FALSE)&">"&C73&"</color>" -> <color=#40f3ff>聚灵经</color> | S73: 挂机修炼时基础经验速度提升4%
B74: 10103 | C74: 聚灵经 | D74: 挂机修炼时基础经验速度提升8% | E74: 3 | F74: 7 | G74: 5 | H74: 1 | J74: 3,10103,1 | L74: 10302 | M74: 0 | N74: =B74 -> 10103 | O74: 1 | P74: 0 | Q74: 1 | R74: ="<color=#"&VLOOKUP(E74,[1]品质主表!$B$6:$C$13,2,FALSE)&">"&C74&"</color>" -> <color=#f044dc>聚灵经</color> | S74: 挂机修炼时基础经验速度提升8%
B75: 10104 | C75: 聚灵经 | D75: 挂机修炼时基础经验速度提升16% | E75: 4 | F75: 7 | G75: 5 | H75: 1 | J75: 3,10104,1 | L75: 10402 | M75: 0 | N75: =B75 -> 10104 | O75: 1 | P75: 0 | Q75: 1 | R75: ="<color=#"&VLOOKUP(E75,[1]品质主表!$B$6:$C$13,2,FALSE)&">"&C75&"</color>" -> <color=#edde00>聚灵经</color> | S75: 挂机修炼时基础经验速度提升16%
... B234: 15201 | C234: 烈焰护盾 | D234: 获得36%生命的烈焰护盾，30秒CD，护盾被打破时对全体造成50%伤害 | E234: 7 | F234: 7 | G234: 5 | H234: 1 | J234: 3,15201,1 | L234: 10824 | M234: 0 | N234: =B234 -> 15201 | O234: 1 | P234: 0 | Q234: 0 | R234: ="<color=#"&VLOOKUP(E234,[1]品质主表!$B$6:$C$13,2,FALSE)&">"&C234&"</color>" -> <color=#ff779d>烈焰护盾</color> | S234: 获得36%生命的烈焰护盾，30秒CD，护盾被打破时对全体造成50%伤害
B235: 20001 | C235: 外门弟子服（男） | E235: 1 | F235: 8 | G235: 5 | H235: 1 | J235: 2,20001,1 | L235: =B235 -> 20001 | M235: 0 | N235: =L235 -> 20001 | O235: 1 | P235: 0 | Q235: 1 | R235: ="<color=#"&VLOOKUP(E235,[1]品质主表!$B$6:$C$13,2,FALSE)&">"&C235&"</color>" -> <color=#18e71a>外门弟子服（男）</color>
B236: 20002 | C236: 内门弟子服（男） | E236: 1 | F236: 8 | G236: 5 | H236: 1 | J236: 2,20002,1 | L236: =B236 -> 20002 | M236: 0 | N236: =L236 -> 20002 | O236: 1 | P236: 0 | Q236: 1 | R236: ="<color=#"&VLOOKUP(E236,[1]品质主表!$B$6:$C$13,2,FALSE)&">"&C236&"</color>" -> <color=#18e71a>内门弟子服（男）</color>
B237: 20003 | C237: 精英弟子服（男） | E237: 2 | F237: 8 | G237: 5 | H237: 1 | J237: 2,20003,1 | L237: =B237 -> 20003 | M237: 0 | N237: =L237 -> 20003 | O237: 1 | P237: 0 | Q237: 1 | R237: ="<color=#"&VLOOKUP(E237,[1]品质主表!$B$6:$C$13,2,FALSE)&">"&C237&"</color>" -> <color=#40f3ff>精英弟子服（男）</color>
B238: 20004 | C238: 亲传弟子服（男） | E238: 2 | F238: 8 | G238: 5 | H238: 1 | J238: 2,20004,1 | L238: =B238 -> 20004 | M238: 0 | N238: =L238 -> 20004 | O238: 1 | P238: 0 | Q238: 1 | R238: ="<color=#"&VLOOKUP(E238,[1]品质主表!$B$6:$C$13,2,FALSE)&">"&C238&"</color>" -> <color=#40f3ff>亲传弟子服（男）</color>
B239: 20005 | C239: 执事服（男） | E239: 3 | F239: 8 | G239: 5 | H239: 1 | J239: 2,20005,1 | L239: =B239 -> 20005 | M239: 0 | N239: =L239 -> 20005 | O239: 1 | P239: 0 | Q239: 1 | R239: ="<color=#"&VLOOKUP(E239,[1]品质主表!$B$6:$C$13,2,FALSE)&">"&C239&"</color>" -> <color=#f044dc>执事服（男）</color>
B240: 20006 | C240: 长老服（男） | E240: 3 | F240: 8 | G240: 5 | H240: 1 | J240: 2,20006,1 | L240: =B240 -> 20006 | M240: 0 | N240: =L240 -> 20006 | O240: 1 | P240: 0 | Q240: 1 | R240: ="<color=#"&VLOOKUP(E240,[1]品质主表!$B$6:$C$13,2,FALSE)&">"&C240&"</color>" -> <color=#f044dc>长老服（男）</color>
B241: 20011 | C241: 浩然仙宗（男-1天） | E241: 7 | F241: 8 | G241: 5 | H241: 1 | J241: 2,20011,1 | L241: =B241 -> 20011 | M241: 0 | N241: =L241 -> 20011 | O241: 1 | P241: 0 | Q241: 1 | R241: ="<color=#"&VLOOKUP(E241,[1]品质主表!$B$6:$C$13,2,FALSE)&">"&C241&"</color>" -> <color=#ff779d>浩然仙宗（男-1天）</color>
B242: 20012 | C242: 浩然仙宗（男-3天） | E242: 7 | F242: 8 | G242: 5 | H242: 1 | J242: 2,20011,3 | L242: =B242 -> 20012 | M242: 0 | N242: =N241 -> 20011 | O242: 1 | P242: 0 | Q242: 1 | R242: ="<color=#"&VLOOKUP(E242,[1]品质主表!$B$6:$C$13,2,FALSE)&">"&C242&"</color>" -> <color=#ff779d>浩然仙宗（男-3天）</color>
B243: 20013 | C243: 浩然仙宗（男-5天） | E243: 7 | F243: 8 | G243: 5 | H243: 1 | J243: 2,20011,5 | L243: =B243 -> 20013 | M243: 0 | N243: =N242 -> 20011 | O243: 1 | P243: 0 | Q243: 1 | R243: ="<color=#"&VLOOKUP(E243,[1]品质主表!$B$6:$C$13,2,FALSE)&">"&C243&"</color>" -> <color=#ff779d>浩然仙宗（男-5天）</color>
B244: 20014 | C244: 火凰萌羽（男-1天） | E244: 7 | F244: 8 | G244: 5 | H244: 1 | J244: 2,20014,1 | L244: =B244 -> 20014 | M244: 0 | N244: =L244 -> 20014 | O244: 1 | P244: 0 | Q244: 1 | R244: ="<color=#"&VLOOKUP(E244,[1]品质主表!$B$6:$C$13,2,FALSE)&">"&C244&"</color>" -> <color=#ff779d>火凰萌羽（男-1天）</color>
B245: 20015 | C245: 蝶舞霓裳（男） | E245: 7 | F245: 8 | G245: 5 | H245: 1 | J245: 2,20015,1 | L245: =B245 -> 20015 | M245: 0 | N245: =L245 -> 20015 | O245: 1 | P245: 0 | Q245: 1 | R245: ="<color=#"&VLOOKUP(E245,[1]品质主表!$B$6:$C$13,2,FALSE)&">"&C245&"</color>" -> <color=#ff779d>蝶舞霓裳（男）</color>
B246: 20101 | C246: 魔彩仙灵（男） | E246: 4 | F246: 8 | G246: 5 | H246: 1 | J246: 2,20101,1 | L246: =B246 -> 20101 | M246: 0 | N246: =L246 -> 20101 | O246: 1 | P246: 0 | Q246: 1 | R246: ="<color=#"&VLOOKUP(E246,[1]品质主表!$B$6:$C$13,2,FALSE)&">"&C246&"</color>" -> <color=#edde00>魔彩仙灵（男）</color>
B247: 20102 | C247: 仙风道骨（男） | E247: 5 | F247: 8 | G247: 5 | H247: 1 | J247: 2,20102,1 | L247: =B247 -> 20102 | M247: 0 | N247: =L247 -> 20102 | O247: 1 | P247: 0 | Q247: 1 | R247: ="<color=#"&VLOOKUP(E247,[1]品质主表!$B$6:$C$13,2,FALSE)&">"&C247&"</color>" -> <color=#ff8000>仙风道骨（男）</color>
B248: 20103 | C248: 风华绝代（男） | E248: 5 | F248: 8 | G248: 5 | H248: 1 | J248: 2,20103,1 | L248: =B248 -> 20103 | M248: 0 | N248: =L248 -> 20103 | O248: 1 | P248: 0 | Q248: 1 | R248: ="<color=#"&VLOOKUP(E248,[1]品质主表!$B$6:$C$13,2,FALSE)&">"&C248&"</color>" -> <color=#ff8000>风华绝代（男）</color>
B249: 20104 | C249: 逍遥游侠（男） | E249: 5 | F249: 8 | G249: 5 | H249: 1 | J249: 2,20104,1 | L249: =B249 -> 20104 | M249: 0 | N249: =L249 -> 20104 | O249: 1 | P249: 0 | Q249: 1 | R249: ="<color=#"&VLOOKUP(E249,[1]品质主表!$B$6:$C$13,2,FALSE)&">"&C249&"</color>" -> <color=#ff8000>逍遥游侠（男）</color>
B250: 20105 | C250: 仙风道骨（男） | E250: 7 | F250: 8 | G250: 5 | H250: 1 | J250: 2,20105,1 | L250: =B250 -> 20105 | M250: 0 | N250: =L250 -> 20105 | O250: 1 | P250: 0 | Q250: 1 | R250: ="<color=#"&VLOOKUP(E250,[1]品质主表!$B$6:$C$13,2,FALSE)&">"&C250&"</color>" -> <color=#ff779d>仙风道骨（男）</color>
B251: 20201 | C251: 焰武神隐（男） | E251: 7 | F251: 8 | G251: 5 | H251: 1 | J251: 2,20201,1 | L251: =B251 -> 20201 | M251: 0 | N251: =L251 -> 20201 | O251: 1 | P251: 0 | Q251: 1 | R251: ="<color=#"&VLOOKUP(E251,[1]品质主表!$B$6:$C$13,2,FALSE)&">"&C251&"</color>" -> <color=#ff779d>焰武神隐（男）</color>
B252: 20202 | C252: 幻梦仙踪（男） | E252: 6 | F252: 8 | G252: 5 | H252: 1 | J252: 2,20202,1 | L252: =B252 -> 20202 | M252: 0 | N252: =L252 -> 20202 | O252: 1 | P252: 0 | Q252: 1 | R252: ="<color=#"&VLOOKUP(E252,[1]品质主表!$B$6:$C$13,2,FALSE)&">"&C252&"</color>" -> <color=#ff4d4d>幻梦仙踪（男）</color>
B253: 20203 | C253: 焰武神隐（男） | E253: 6 | F253: 8 | G253: 5 | H253: 1 | J253: 2,20203,1 | L253: =B253 -> 20203 | M253: 0 | N253: =L253 -> 20203 | O253: 1 | P253: 0 | Q253: 1 | R253: ="<color=#"&VLOOKUP(E253,[1]品质主表!$B$6:$C$13,2,FALSE)&">"&C253&"</color>" -> <color=#ff4d4d>焰武神隐（男）</color>
B254: 20301 | C254: 邪影狂澜（男） | E254: 7 | F254: 8 | G254: 5 | H254: 1 | J254: 2,20301,1 | L254: =B254 -> 20301 | M254: 0 | N254: =L254 -> 20301 | O254: 1 | P254: 0 | Q254: 1 | R254: ="<color=#"&VLOOKUP(E254,[1]品质主表!$B$6:$C$13,2,FALSE)&">"&C254&"</color>" -> <color=#ff779d>邪影狂澜（男）</color>
B255: 20302 | C255: 灵台明镜（男） | E255: 6 | F255: 8 | G255: 5 | H255: 1 | J255: 2,20302,1 | L255: =B255 -> 20302 | M255: 0 | N255: =L255 -> 20302 | O255: 1 | P255: 0 | Q255: 1 | R255: ="<color=#"&VLOOKUP(E255,[1]品质主表!$B$6:$C$13,2,FALSE)&">"&C255&"</color>" -> <color=#ff4d4d>灵台明镜（男）</color>
... B267: 21011 | C267: 浩然仙宗（女-1天） | E267: 7 | F267: 8 | G267: 5 | H267: 1 | J267: 2,21011,1 | L267: =B267 -> 21011 | M267: 0 | N267: =L267 -> 21011 | O267: 1 | P267: 0 | Q267: 1 | R267: ="<color=#"&VLOOKUP(E267,[1]品质主表!$B$6:$C$13,2,FALSE)&">"&C267&"</color>" -> <color=#ff779d>浩然仙宗（女-1天）</color>
B268: 21012 | C268: 浩然仙宗（女-3天） | E268: 7 | F268: 8 | G268: 5 | H268: 1 | J268: 2,21012,1 | L268: =B268 -> 21012 | M268: 0 | N268: =N267 -> 21011 | O268: 1 | P268: 0 | Q268: 1 | R268: ="<color=#"&VLOOKUP(E268,[1]品质主表!$B$6:$C$13,2,FALSE)&">"&C268&"</color>" -> <color=#ff779d>浩然仙宗（女-3天）</color>
B269: 21013 | C269: 浩然仙宗（女-5天） | E269: 7 | F269: 8 | G269: 5 | H269: 1 | J269: 2,21013,1 | L269: =B269 -> 21013 | M269: 0 | N269: =N268 -> 21011 | O269: 1 | P269: 0 | Q269: 1 | R269: ="<color=#"&VLOOKUP(E269,[1]品质主表!$B$6:$C$13,2,FALSE)&">"&C269&"</color>" -> <color=#ff779d>浩然仙宗（女-5天）</color>
B270: 21014 | C270: 火凰萌羽（女-1天） | E270: 7 | F270: 8 | G270: 5 | H270: 1 | J270: 2,21014,1 | L270: =B270 -> 21014 | M270: 0 | N270: =L270 -> 21014 | O270: 1 | P270: 0 | Q270: 1 | R270: ="<color=#"&VLOOKUP(E270,[1]品质主表!$B$6:$C$13,2,FALSE)&">"&C270&"</color>" -> <color=#ff779d>火凰萌羽（女-1天）</color>
B271: 21015 | C271: 蝶舞霓裳（女） | E271: 7 | F271: 8 | G271: 5 | H271: 1 | J271: 2,21015,1 | L271: =B271 -> 21015 | M271: 0 | N271: =L271 -> 21015 | O271: 1 | P271: 0 | Q271: 1 | R271: ="<color=#"&VLOOKUP(E271,[1]品质主表!$B$6:$C$13,2,FALSE)&">"&C271&"</color>" -> <color=#ff779d>蝶舞霓裳（女）</color>
B272: 21101 | C272: 魔彩仙灵（女） | E272: 4 | F272: 8 | G272: 5 | H272: 1 | J272: 2,21101,1 | L272: =B272 -> 21101 | M272: 0 | N272: =L272 -> 21101 | O272: 1 | P272: 0 | Q272: 1 | R272: ="<color=#"&VLOOKUP(E272,[1]品质主表!$B$6:$C$13,2,FALSE)&">"&C272&"</color>" -> <color=#edde00>魔彩仙灵（女）</color>
B273: 21102 | C273: 仙风道骨（女） | E273: 5 | F273: 8 | G273: 5 | H273: 1 | J273: 2,21102,1 | L273: =B273 -> 21102 | M273: 0 | N273: =L273 -> 21102 | O273: 1 | P273: 0 | Q273: 1 | R273: ="<color=#"&VLOOKUP(E273,[1]品质主表!$B$6:$C$13,2,FALSE)&">"&C273&"</color>" -> <color=#ff8000>仙风道骨（女）</color>
B274: 21103 | C274: 风华绝代（女） | E274: 5 | F274: 8 | G274: 5 | H274: 1 | J274: 2,21103,1 | L274: =B274 -> 21103 | M274: 0 | N274: =L274 -> 21103 | O274: 1 | P274: 0 | Q274: 1 | R274: ="<color=#"&VLOOKUP(E274,[1]品质主表!$B$6:$C$13,2,FALSE)&">"&C274&"</color>" -> <color=#ff8000>风华绝代（女）</color>
B275: 21104 | C275: 逍遥游侠（女） | E275: 5 | F275: 8 | G275: 5 | H275: 1 | J275: 2,21104,1 | L275: =B275 -> 21104 | M275: 0 | N275: =L275 -> 21104 | O275: 1 | P275: 0 | Q275: 1 | R275: ="<color=#"&VLOOKUP(E275,[1]品质主表!$B$6:$C$13,2,FALSE)&">"&C275&"</color>" -> <color=#ff8000>逍遥游侠（女）</color>
B276: 21105 | C276: 仙风道骨（女） | E276: 7 | F276: 8 | G276: 5 | H276: 1 | J276: 2,21105,1 | L276: =B276 -> 21105 | M276: 0 | N276: =L276 -> 21105 | O276: 1 | P276: 0 | Q276: 1 | R276: ="<color=#"&VLOOKUP(E276,[1]品质主表!$B$6:$C$13,2,FALSE)&">"&C276&"</color>" -> <color=#ff779d>仙风道骨（女）</color>
B277: 21201 | C277: 焰武神隐（女） | E277: 7 | F277: 8 | G277: 5 | H277: 1 | J277: 2,21201,1 | L277: =B277 -> 21201 | M277: 0 | N277: =L277 -> 21201 | O277: 1 | P277: 0 | Q277: 1 | R277: ="<color=#"&VLOOKUP(E277,[1]品质主表!$B$6:$C$13,2,FALSE)&">"&C277&"</color>" -> <color=#ff779d>焰武神隐（女）</color>
B278: 21202 | C278: 幻梦仙踪（女） | E278: 6 | F278: 8 | G278: 5 | H278: 1 | J278: 2,21202,1 | L278: =B278 -> 21202 | M278: 0 | N278: =L278 -> 21202 | O278: 1 | P278: 0 | Q278: 1 | R278: ="<color=#"&VLOOKUP(E278,[1]品质主表!$B$6:$C$13,2,FALSE)&">"&C278&"</color>" -> <color=#ff4d4d>幻梦仙踪（女）</color>
B279: 21203 | C279: 焰武神隐（女） | E279: 6 | F279: 8 | G279: 5 | H279: 1 | J279: 2,21203,1 | L279: =B279 -> 21203 | M279: 0 | N279: =L279 -> 21203 | O279: 1 | P279: 0 | Q279: 1 | R279: ="<color=#"&VLOOKUP(E279,[1]品质主表!$B$6:$C$13,2,FALSE)&">"&C279&"</color>" -> <color=#ff4d4d>焰武神隐（女）</color>
B280: 21301 | C280: 邪影狂澜（女） | E280: 7 | F280: 8 | G280: 5 | H280: 1 | J280: 2,21301,1 | L280: =B280 -> 21301 | M280: 0 | N280: =L280 -> 21301 | O280: 1 | P280: 0 | Q280: 1 | R280: ="<color=#"&VLOOKUP(E280,[1]品质主表!$B$6:$C$13,2,FALSE)&">"&C280&"</color>" -> <color=#ff779d>邪影狂澜（女）</color>
...

Sheet 道具资源表
A1: ##var | B1: id | C1: ## | D1: ## | E1: icon | F1: bigIcon
A2: ##var
A3: ##type | B3: int | E3: string | F3: string
A4: ##group
A5: ## | B5: id | C5: 名字 | D5: 描述 | E5: 道具图标128*128 | F5: 道具图标512*512
B6: 1 | C6: 玩家经验 | D6: 玩家经验
B7: 2 | C7: 灵兽经验 | D7: 灵兽经验
B8: 1001 | C8: 悟性丹 | D8: 每颗悟性丹增加20点修炼值、50点攻击、3000点生命 | E8: GoodsIcon/Icon_1001
B9: 1002 | C9: 突破丹 | D9: 突破时，每颗突破丹增加1%的突破成功概率，突破后会消耗对应的数量 | E9: GoodsIcon/Icon_1002
B10: 1003 | C10: 修炼丹 | D10: 修炼时，每次修炼提取100修炼经验，最多30000点 | E10: GoodsIcon/Icon_1003
B11: 1004 | C11: 洗髓丹 | D11: 获得时直接提高30000点修炼经验 | E11: GoodsIcon/Icon_1004
B12: 1005 | C12: 强化石 | D12: 法宝强化道具 | E12: GoodsIcon/Icon_1005
B13: 1006 | C13: 幽冥钢 | D13: 攻击法宝进阶道具 | E13: GoodsIcon/Icon_1006
B14: 1007 | C14: 金刚砂 | D14: 防御法宝进阶道具 | E14: GoodsIcon/Icon_1007
B15: 1008 | C15: 星辰铁 | D15: 坐骑强化道具 | E15: GoodsIcon/Icon_1008
B16: 1009 | C16: 五色石 | D16: 坐骑进阶道具 | E16: GoodsIcon/Icon_1009
B17: 1010 | C17: 重生符 | D17: 在本宗门主场景死亡后会自动复活，宗门战时不生效 | E17: GoodsIcon/Icon_1010
B18: 1011 | C18: 神通碎片 | D18: 粉色品质功法分解而得 | E18: GoodsIcon/Icon_1011
B19: 1012 | C19: 仙缘宝盒 | D19: 可以开出各种道具，甚至有稀有的皮肤 | E19: GoodsIcon/Icon_1009
... B226: 15201 | C226: 烈焰护盾 | D226: 烈焰护盾 | E226: GoodsIcon/Icon_10401
B227: 20001 | C227: 男境界1 | D227: 男境界1
B228: 20002 | C228: 男境界2 | D228: 男境界2
B229: 20003 | C229: 男境界3 | D229: 男境界3
B230: 20004 | C230: 男境界4 | D230: 男境界4
B231: 20005 | C231: 男境界5 | D231: 男境界5
B232: 20006 | C232: 男境界6 | D232: 男境界6
B233: 20011 | C233: 浩然仙宗（男-1天） | D233: 浩然仙宗（男-1天）
B234: 20012 | C234: 浩然仙宗（男-3天） | D234: 浩然仙宗（男-3天）
B235: 20013 | C235: 浩然仙宗（男-5天） | D235: 浩然仙宗（男-5天）
B236: 20014 | C236: 火舞凤皇（男-1天） | D236: 火舞凤皇（男-1天）
B237: 20015 | C237: 蝶舞霓裳（男） | D237: 蝶舞霓裳（男）
B238: 20101 | C238: 男进度1-法宝粉 | D238: 男进度1-法宝粉
... B285: 28003 | C285: 真仙至尊 | D285: 真仙至尊
B286: 30001 | C286: 寒冰剑 | E286: GoodsIcon/Icon_30001
B287: 30002 | C287: 雷霆锤 | E287: GoodsIcon/Icon_30002
B288: 30003 | C288: 紫电刀 | E288: GoodsIcon/Icon_30003
B289: 30004 | C289: 禅心拂 | E289: GoodsIcon/Icon_30004
B290: 30005 | C290: 烈焰枪 | E290: GoodsIcon/Icon_30005
B291: 30006 | C291: 苍龙爪 | E291: GoodsIcon/Icon_30006
B292: 30007 | C292: 云篆笔 | E292: GoodsIcon/Icon_30007
B293: 30008 | C293: 流星斧 | E293: GoodsIcon/Icon_30008
B294: 30009 | C294: 挞神鞭 | E294: GoodsIcon/Icon_30009
B295: 30010 | C295: 乾坤扇 | E295: GoodsIcon/Icon_30010
B296: 30011 | C296: 赤焰剑 | E296: GoodsIcon/Icon_30011
B297: 30012 | C297: 轩辕剑 | E297: GoodsIcon/Icon_30012
... B309: 31012 | C309: 琉璃盏 | E309: GoodsIcon/Icon_31012
B310: 40001 | C310: 跟斗云 | F310: Icon_GoodsBig/Icon_40001
B311: 40002 | C311: 流星剑 | F311: Icon_GoodsBig/Icon_40002
B312: 40003 | C312: 风火轮 | F312: Icon_GoodsBig/Icon_40003
B313: 40004 | C313: 波涌浪 | F313: Icon_GoodsBig/Icon_40004
B314: 40005 | C314: 莲花台 | F314: Icon_GoodsBig/Icon_40005
B315: 40006 | C315: 七彩云 | F315: Icon_GoodsBig/Icon_40006
B316: 40007 | C316: 飞花枝 | F316: Icon_GoodsBig/Icon_40007
B317: 40008 | C317: 云羽鹤 | F317: Icon_GoodsBig/Icon_40008
B318: 41001 | C318: 凤凰 | F318: Icon_GoodsBig/Icon_41001
B319: 41002 | C319: 仙宝儿 | F319: Icon_GoodsBig/Icon_41002
B320: 41003 | C320: 雪灵狐 | F320: Icon_GoodsBig/Icon_41003
B321: 41004 | C321: 碧麒麟 | F321: Icon_GoodsBig/Icon_41004
... B326: 41009 | C326: 飞翔马 | F326: Icon_GoodsBig/Icon_41009
B327: 50001 | C327: 幼蛇
B328: 50002 | C328: 灵蛇
B329: 50003 | C329: 天蛇
B330: 50004 | C330: 蛟影
B331: 50005 | C331: 蛟灵
B332: 50006 | C332: 蛟皇
B333: 50007 | C333: 应龙
B334: 50008 | C334: 金龙
B335: 60001 | C335: 玄铁灵爪 | E335: GoodsIcon/Icon_60001
B336: 60002 | C336: 玄铁灵爪 | E336: GoodsIcon/Icon_60001
B337: 60003 | C337: 玄铁灵爪 | E337: GoodsIcon/Icon_60001
B338: 60004 | C338: 玄铁灵爪 | E338: GoodsIcon/Icon_60001
B339: 60005 | C339: 玄铁灵爪 | E339: GoodsIcon/Icon_60001
B340: 60006 | C340: 玄铁灵爪 | E340: GoodsIcon/Icon_60001
B341: 60007 | C341: 玄铁灵爪 | E341: GoodsIcon/Icon_60001
B342: 60008 | C342: 玄铁灵爪 | E342: GoodsIcon/Icon_60001
B343: 60009 | C343: 玄铁灵爪 | E343: GoodsIcon/Icon_60001
B344: 60010 | C344: 玄铁灵爪 | E344: GoodsIcon/Icon_60001
B345: 60011 | C345: 玄铁灵爪 | E345: GoodsIcon/Icon_60001
B346: 60012 | C346: 玄铁灵爪 | E346: GoodsIcon/Icon_60001
B347: 61001 | C347: 仙灵宝珠
B348: 61002 | C348: 仙灵宝珠
B349: 61003 | C349: 仙灵宝珠
B350: 61004 | C350: 仙灵宝珠
B351: 61005 | C351: 仙灵宝珠
B352: 61006 | C352: 仙灵宝珠
B353: 61007 | C353: 仙灵宝珠
B354: 61008 | C354: 仙灵宝珠
B355: 61009 | C355: 仙灵宝珠
B356: 61010 | C356: 仙灵宝珠
B357: 61011 | C357: 仙灵宝珠
B358: 61012 | C358: 仙灵宝珠
B359: 62001 | C359: 灵光护甲 | E359: GoodsIcon/Icon_62001
B360: 62002 | C360: 灵光护甲 | E360: GoodsIcon/Icon_62001
B361: 62003 | C361: 灵光护甲 | E361: GoodsIcon/Icon_62001
B362: 62004 | C362: 灵光护甲 | E362: GoodsIcon/Icon_62001
B363: 62005 | C363: 灵光护甲 | E363: GoodsIcon/Icon_62001
B364: 62006 | C364: 灵光护甲 | E364: GoodsIcon/Icon_62001
B365: 62007 | C365: 灵光护甲 | E365: GoodsIcon/Icon_62001
B366: 62008 | C366: 灵光护甲 | E366: GoodsIcon/Icon_62001
B367: 62009 | C367: 灵光护甲 | E367: GoodsIcon/Icon_62001
...

Sheet 道具合成表
A1: ##var | B1: id | C1: ## | D1: ## | E1: composeMax | F1: shardNum | G1: reward | H1: drop
A2: ##var
A3: ##type | B3: int | C3: string | D3: string | E3: int | F3: int | G3: (list#sep=;),Prop.PropObj | H3: int
A4: ##group | G4: s
A5: ## | B5: id | C5: 备注 | D5: 物品描述 | E5: 最多合成数量 | F5: 需要数量 | G5: 获得奖励 | H5: 随机奖励
B6: 1050 | C6: 凤凰皮肤碎片 | D6: 凤凰皮肤碎片 | E6: 1 | F6: 100 | G6: 2,20901,1;2,21901,1 | H6: 0
B7: 1051 | C7: 凤凰坐骑碎片 | D7: 凤凰坐骑碎片 | E7: 1 | F7: 100 | G7: 5,41001,1 | H7: 0
B8: 1011 | C8: 神通碎片 | D8: 粉色品质功法分解而得 | E8: 0 | F8: 100 | H8: 3010001
B9: 1061 | C9: 灵宝碎片 | D9: 灵宝碎片 | E9: 0 | F9: 100 | H9: 3010002
